"","location","sample.date","AGOC-3A","Arsenic","Chlorodinine","Methylosmoline","Date","Year"
"1","Achara","10-Dec-11",0,1,0,0,2011-12-10,2011
"2","Achara","10-Dec-12",0,1,0,0,2012-12-10,2012
"3","Achara","11-Aug-11",0,1,0,0,2011-08-11,2011
"4","Achara","11-Dec-10",0,1,0,0,2010-12-11,2010
"5","Achara","11-Feb-11",0,1,0,0,2011-02-11,2011
"6","Achara","11-Jul-09",0,1,0,0,2009-07-11,2009
"7","Achara","11-Jun-11",0,1,0,0,2011-06-11,2011
"8","Achara","11-Nov-11",0,1,0,0,2011-11-11,2011
"9","Achara","11-Oct-09",0,1,0,0,2009-10-11,2009
"10","Achara","12-Apr-13",0,1,0,0,2013-04-12,2013
"11","Achara","12-Aug-10",0,1,0,0,2010-08-12,2010
"12","Achara","12-Jun-09",0,1,0,0,2009-06-12,2009
"13","Achara","13-Dec-13",0,1,0,0,2013-12-13,2013
"14","Achara","13-Feb-09",0,1,0,0,2009-02-13,2009
"15","Achara","13-May-11",0,1,0,0,2011-05-13,2011
"16","Achara","13-Oct-11",0,1,0,0,2011-10-13,2011
"17","Achara","14-Jul-11",0,1,0,0,2011-07-14,2011
"18","Achara","14-Jun-13",0,1,0,0,2013-06-14,2013
"19","Achara","14-Mar-13",0,1,0,0,2013-03-14,2013
"20","Achara","14-Sep-11",0,1,0,0,2011-09-14,2011
"21","Achara","15-Feb-13",0,1,0,0,2013-02-15,2013
"22","Achara","15-Jan-09",0,1,0,0,2009-01-15,2009
"23","Achara","15-Nov-13",0,1,0,0,2013-11-15,2013
"24","Achara","16-Apr-10",0,1,0,0,2010-04-16,2010
"25","Achara","16-Apr-11",0,1,0,0,2011-04-16,2011
"26","Achara","16-Aug-12",0,1,0,0,2012-08-16,2012
"27","Achara","16-Aug-13",0,1,0,0,2013-08-16,2013
"28","Achara","16-Jan-10",0,1,0,0,2010-01-16,2010
"29","Achara","16-Jul-10",0,1,0,0,2010-07-16,2010
"30","Achara","16-Jun-12",0,1,0,0,2012-06-16,2012
"31","Achara","16-May-13",0,1,0,0,2013-05-16,2013
"32","Achara","16-Nov-12",0,1,0,0,2012-11-16,2012
"33","Achara","17-Apr-09",0,1,0,0,2009-04-17,2009
"34","Achara","17-Feb-12",0,1,0,0,2012-02-17,2012
"35","Achara","17-Jan-13",0,1,0,0,2013-01-17,2013
"36","Achara","17-Jun-10",0,1,0,0,2010-06-17,2010
"37","Achara","17-Jun-11",0,1,0,0,2011-06-17,2011
"38","Achara","17-Mar-12",0,1,0,0,2012-03-17,2012
"39","Achara","17-Sep-10",0,1,0,0,2010-09-17,2010
"40","Achara","18-Feb-11",0,1,0,0,2011-02-18,2011
"41","Achara","18-Jul-13",0,1,0,0,2013-07-18,2013
"42","Achara","18-Mar-11",0,1,0,0,2011-03-18,2011
"43","Achara","18-Oct-13",0,1,0,0,2013-10-18,2013
"44","Achara","19-Mar-09",0,1,0,0,2009-03-19,2009
"45","Achara","19-Mar-10",0,1,0,0,2010-03-19,2010
"46","Achara","19-May-12",0,1,0,0,2012-05-19,2012
"47","Achara","19-Nov-09",0,1,0,0,2009-11-19,2009
"48","Achara","19-Nov-10",0,1,0,0,2010-11-19,2010
"49","Achara","20-Feb-10",0,1,0,0,2010-02-20,2010
"50","Achara","20-Jan-12",0,1,0,0,2012-01-20,2012
"51","Achara","20-May-10",0,1,0,0,2010-05-20,2010
"52","Achara","21-Apr-12",0,1,0,0,2012-04-21,2012
"53","Achara","21-Jan-11",0,1,0,0,2011-01-21,2011
"54","Achara","21-Jul-12",0,1,0,0,2012-07-21,2012
"55","Achara","21-Oct-12",0,1,0,0,2012-10-21,2012
"56","Achara","21-Sep-12",0,1,0,0,2012-09-21,2012
"57","Achara","21-Sep-13",0,1,0,0,2013-09-21,2013
"58","Achara","22-Oct-10",0,1,0,0,2010-10-22,2010
"59","Achara","27-May-11",0,1,0,0,2011-05-27,2011
"60","Achara","28-Sep-11",0,1,0,0,2011-09-28,2011
"61","Achara","31-Mar-11",0,1,0,0,2011-03-31,2011
"62","Achara","8-Oct-11",0,1,0,0,2011-10-08,2011
"63","Boonsri","07-Nov-15",3,0,3,3,2015-11-07,2015
"64","Boonsri","09-Sep-15",3,0,3,3,2015-09-09,2015
"65","Boonsri","11-Apr-98",0,2,0,0,1998-04-11,1998
"66","Boonsri","11-Dec-14",0,3,0,0,2014-12-11,2014
"67","Boonsri","11-Jan-15",1,0,1,1,2015-01-11,2015
"68","Boonsri","11-Jan-98",0,1,0,0,1998-01-11,1998
"69","Boonsri","11-Jul-08",0,3,0,0,2008-07-11,2008
"70","Boonsri","11-Jul-98",0,2,0,0,1998-07-11,1998
"71","Boonsri","12-Dec-14",3,0,3,3,2014-12-12,2014
"72","Boonsri","12-Mar-98",0,1,0,0,1998-03-12,1998
"73","Boonsri","13-Dec-12",0,1,0,0,2012-12-13,2012
"74","Boonsri","13-Dec-15",3,0,3,3,2015-12-13,2015
"75","Boonsri","14-Apr-13",0,3,0,0,2013-04-14,2013
"76","Boonsri","14-Dec-13",0,3,0,0,2013-12-14,2013
"77","Boonsri","14-Nov-13",0,3,0,0,2013-11-14,2013
"78","Boonsri","15-Apr-12",0,3,0,0,2012-04-15,2012
"79","Boonsri","15-Feb-12",0,3,0,0,2012-02-15,2012
"80","Boonsri","15-Feb-98",0,1,0,0,1998-02-15,1998
"81","Boonsri","15-Mar-13",0,3,0,0,2013-03-15,2013
"82","Boonsri","15-Mar-14",0,1,0,0,2014-03-15,2014
"83","Boonsri","16-Aug-13",0,3,0,0,2013-08-16,2013
"84","Boonsri","16-May-14",3,0,3,3,2014-05-16,2014
"85","Boonsri","17-Jan-13",0,3,0,0,2013-01-17,2013
"86","Boonsri","17-Jun-12",0,3,0,0,2012-06-17,2012
"87","Boonsri","17-May-13",0,3,0,0,2013-05-17,2013
"88","Boonsri","17-Nov-12",0,3,0,0,2012-11-17,2012
"89","Boonsri","17-Sep-14",0,3,0,0,2014-09-17,2014
"90","Boonsri","18-Aug-16",3,0,3,3,2016-08-18,2016
"91","Boonsri","18-Feb-16",3,0,3,3,2016-02-18,2016
"92","Boonsri","18-Nov-16",3,0,3,3,2016-11-18,2016
"93","Boonsri","18-Oct-13",0,3,0,0,2013-10-18,2013
"94","Boonsri","19-Jul-13",0,3,0,0,2013-07-19,2013
"95","Boonsri","19-Mar-15",3,0,3,3,2015-03-19,2015
"96","Boonsri","19-May-10",0,3,0,0,2010-05-19,2010
"97","Boonsri","20-Jul-12",0,3,0,0,2012-07-20,2012
"98","Boonsri","20-Jun-13",0,3,0,0,2013-06-20,2013
"99","Boonsri","20-Jun-14",3,0,3,3,2014-06-20,2014
"100","Boonsri","21-Aug-15",3,0,3,3,2015-08-21,2015
"101","Boonsri","21-Feb-13",0,3,0,0,2013-02-21,2013
"102","Boonsri","21-Feb-14",3,0,3,3,2014-02-21,2014
"103","Boonsri","21-Jun-14",0,3,0,0,2014-06-21,2014
"104","Boonsri","21-Mar-14",3,0,3,3,2014-03-21,2014
"105","Boonsri","21-May-15",3,0,3,3,2015-05-21,2015
"106","Boonsri","21-Oct-16",3,0,3,3,2016-10-21,2016
"107","Boonsri","22-Apr-10",0,3,0,0,2010-04-22,2010
"108","Boonsri","22-Apr-16",3,0,3,3,2016-04-22,2016
"109","Boonsri","22-Aug-14",3,0,3,3,2014-08-22,2014
"110","Boonsri","22-May-14",0,1,0,0,2014-05-22,2014
"111","Boonsri","22-Oct-15",3,0,3,3,2015-10-22,2015
"112","Boonsri","23-Apr-14",0,3,0,0,2014-04-23,2014
"113","Boonsri","23-Apr-15",3,0,3,3,2015-04-23,2015
"114","Boonsri","23-Aug-12",0,3,0,0,2012-08-23,2012
"115","Boonsri","23-Jan-14",0,3,0,0,2014-01-23,2014
"116","Boonsri","23-Jul-14",0,3,0,0,2014-07-23,2014
"117","Boonsri","23-Jul-15",3,0,3,3,2015-07-23,2015
"118","Boonsri","23-Jun-10",0,3,0,0,2010-06-23,2010
"119","Boonsri","23-Jun-16",3,0,3,3,2016-06-23,2016
"120","Boonsri","23-Oct-14",0,3,0,0,2014-10-23,2014
"121","Boonsri","23-Sep-12",0,3,0,0,2012-09-23,2012
"122","Boonsri","24-Feb-14",0,3,0,0,2014-02-24,2014
"123","Boonsri","24-Jul-16",3,0,3,3,2016-07-24,2016
"124","Boonsri","24-Mar-12",0,3,0,0,2012-03-24,2012
"125","Boonsri","24-Oct-14",3,0,3,3,2014-10-24,2014
"126","Boonsri","25-Jul-08",0,3,0,0,2008-07-25,2008
"127","Boonsri","25-Jul-14",3,0,3,3,2014-07-25,2014
"128","Boonsri","25-Jun-15",3,0,3,3,2015-06-25,2015
"129","Boonsri","25-Mar-16",3,0,3,3,2016-03-25,2016
"130","Boonsri","25-May-12",0,3,0,0,2012-05-25,2012
"131","Boonsri","25-Sep-16",3,0,3,3,2016-09-25,2016
"132","Boonsri","26-Jan-12",0,1,0,0,2012-01-26,2012
"133","Boonsri","26-Mar-04",0,1,0,0,2004-03-26,2004
"134","Boonsri","26-Sep-13",0,3,0,0,2013-09-26,2013
"135","Boonsri","26-Sep-14",1,0,1,1,2014-09-26,2014
"136","Boonsri","27-Aug-14",0,3,0,0,2014-08-27,2014
"137","Boonsri","27-Feb-15",3,0,3,3,2015-02-27,2015
"138","Boonsri","27-Nov-14",0,3,0,0,2014-11-27,2014
"139","Boonsri","28-Jan-16",1,0,1,1,2016-01-28,2016
"140","Boonsri","28-Nov-14",3,0,3,3,2014-11-28,2014
"141","Boonsri","29-Jan-15",1,0,1,1,2015-01-29,2015
"142","Boonsri","29-Oct-12",0,3,0,0,2012-10-29,2012
"143","Boonsri","3-Oct-98",0,2,0,0,1998-10-03,1998
"144","Boonsri","5-Dec-98",0,2,0,0,1998-12-05,1998
"145","Boonsri","5-Sep-98",0,2,0,0,1998-09-05,1998
"146","Boonsri","6-Jun-98",0,2,0,0,1998-06-06,1998
"147","Boonsri","7-Nov-98",0,2,0,0,1998-11-07,1998
"148","Boonsri","8-Aug-98",0,2,0,0,1998-08-08,1998
"149","Boonsri","9-May-98",0,2,0,0,1998-05-09,1998
"150","Busarakhan","03-Feb-14",1,0,1,1,2014-02-03,2014
"151","Busarakhan","03-May-14",1,0,1,1,2014-05-03,2014
"152","Busarakhan","09-Dec-16",1,0,1,1,2016-12-09,2016
"153","Busarakhan","10-Oct-14",0,1,0,0,2014-10-10,2014
"154","Busarakhan","11-Aug-14",1,0,1,1,2014-08-11,2014
"155","Busarakhan","12-Jul-14",1,1,1,1,2014-07-12,2014
"156","Busarakhan","13-Apr-11",0,1,0,0,2011-04-13,2011
"157","Busarakhan","13-Jun-10",0,1,0,0,2010-06-13,2010
"158","Busarakhan","13-Jun-16",1,0,1,1,2016-06-13,2016
"159","Busarakhan","14-Feb-10",0,1,0,0,2010-02-14,2010
"160","Busarakhan","14-Feb-15",1,0,1,1,2015-02-14,2015
"161","Busarakhan","14-Feb-16",1,0,1,1,2016-02-14,2016
"162","Busarakhan","14-Mar-04",0,1,0,0,2004-03-14,2004
"163","Busarakhan","14-Nov-09",0,1,0,0,2009-11-14,2009
"164","Busarakhan","15-Dec-08",0,1,0,0,2008-12-15,2008
"165","Busarakhan","15-Dec-14",1,0,1,1,2014-12-15,2014
"166","Busarakhan","16-Nov-11",0,1,0,0,2011-11-16,2011
"167","Busarakhan","17-Nov-08",0,1,0,0,2008-11-17,2008
"168","Busarakhan","17-Nov-14",1,0,1,1,2014-11-17,2014
"169","Busarakhan","18-Apr-10",0,1,0,0,2010-04-18,2010
"170","Busarakhan","18-Apr-16",1,0,1,1,2016-04-18,2016
"171","Busarakhan","18-Feb-12",0,1,0,0,2012-02-18,2012
"172","Busarakhan","19-Dec-09",0,1,0,0,2009-12-19,2009
"173","Busarakhan","19-Dec-98",0,1,0,0,1998-12-19,1998
"174","Busarakhan","19-Oct-08",0,1,0,0,2008-10-19,2008
"175","Busarakhan","19-Oct-14",1,0,1,1,2014-10-19,2014
"176","Busarakhan","2-Nov-14",0,1,0,0,2014-11-02,2014
"177","Busarakhan","20-Mar-10",0,1,0,0,2010-03-20,2010
"178","Busarakhan","20-Mar-16",1,0,1,1,2016-03-20,2016
"179","Busarakhan","21-Sep-08",0,1,0,0,2008-09-21,2008
"180","Busarakhan","21-Sep-14",1,0,1,1,2014-09-21,2014
"181","Busarakhan","22-Jul-10",0,1,0,0,2010-07-22,2010
"182","Busarakhan","22-Jul-16",1,0,1,1,2016-07-22,2016
"183","Busarakhan","22-May-10",0,1,0,0,2010-05-22,2010
"184","Busarakhan","22-May-16",1,0,1,1,2016-05-22,2016
"185","Busarakhan","23-Sep-11",0,1,0,0,2011-09-23,2011
"186","Busarakhan","24-Jan-10",0,1,0,0,2010-01-24,2010
"187","Busarakhan","24-Jan-15",1,0,1,1,2015-01-24,2015
"188","Busarakhan","24-Jan-16",1,0,1,1,2016-01-24,2016
"189","Busarakhan","24-Sep-15",1,0,1,1,2015-09-24,2015
"190","Busarakhan","25-Apr-09",0,1,0,0,2009-04-25,2009
"191","Busarakhan","25-Apr-15",1,0,1,1,2015-04-25,2015
"192","Busarakhan","25-May-09",0,1,0,0,2009-05-25,2009
"193","Busarakhan","25-May-15",1,0,1,1,2015-05-25,2015
"194","Busarakhan","26-Feb-11",0,1,0,0,2011-02-26,2011
"195","Busarakhan","26-Jul-09",0,1,0,0,2009-07-26,2009
"196","Busarakhan","26-Jun-08",0,1,0,0,2008-06-26,2008
"197","Busarakhan","26-Jun-14",1,0,1,1,2014-06-26,2014
"198","Busarakhan","26-Mar-11",0,1,0,0,2011-03-26,2011
"199","Busarakhan","27-Mar-15",1,0,1,1,2015-03-27,2015
"200","Busarakhan","27-May-11",0,1,0,0,2011-05-27,2011
"201","Busarakhan","27-Nov-10",0,1,0,0,2010-11-27,2010
"202","Busarakhan","27-Nov-16",1,0,1,1,2016-11-27,2016
"203","Busarakhan","28-Aug-09",0,1,0,0,2009-08-28,2009
"204","Busarakhan","28-Aug-10",0,1,0,0,2010-08-28,2010
"205","Busarakhan","28-Aug-11",0,1,0,0,2011-08-28,2011
"206","Busarakhan","28-Aug-15",1,0,1,1,2015-08-28,2015
"207","Busarakhan","28-Aug-16",1,0,1,1,2016-08-28,2016
"208","Busarakhan","28-Jun-09",0,1,0,0,2009-06-28,2009
"209","Busarakhan","28-Jun-15",1,0,1,1,2015-06-28,2015
"210","Busarakhan","28-Nov-98",0,1,0,0,1998-11-28,1998
"211","Busarakhan","29-Jun-11",0,1,0,0,2011-06-29,2011
"212","Busarakhan","29-Oct-10",0,1,0,0,2010-10-29,2010
"213","Busarakhan","29-Oct-16",1,0,1,1,2016-10-29,2016
"214","Busarakhan","29-Oct-98",0,1,0,0,1998-10-29,1998
"215","Busarakhan","3-Aug-11",0,1,0,0,2011-08-03,2011
"216","Busarakhan","3-Feb-08",0,1,0,0,2008-02-03,2008
"217","Busarakhan","3-May-08",0,1,0,0,2008-05-03,2008
"218","Busarakhan","3-Nov-11",0,1,0,0,2011-11-03,2011
"219","Busarakhan","3-Sep-14",0,1,0,0,2014-09-03,2014
"220","Busarakhan","30-Jan-11",0,1,0,0,2011-01-30,2011
"221","Busarakhan","30-May-14",1,0,1,1,2014-05-30,2014
"222","Busarakhan","30-Oct-09",0,1,0,0,2009-10-30,2009
"223","Busarakhan","30-Oct-15",1,0,1,1,2015-10-30,2015
"224","Busarakhan","30-Sep-10",0,1,0,0,2010-09-30,2010
"225","Busarakhan","30-Sep-16",1,0,1,1,2016-09-30,2016
"226","Busarakhan","4-Feb-12",0,1,0,0,2012-02-04,2012
"227","Busarakhan","5-Dec-08",0,1,0,0,2008-12-05,2008
"228","Busarakhan","6-Dec-14",0,1,0,0,2014-12-06,2014
"229","Busarakhan","8-Apr-16",0,1,0,0,2016-04-08,2016
"230","Busarakhan","8-Dec-11",0,1,0,0,2011-12-08,2011
"231","Busarakhan","9-Dec-10",0,1,0,0,2010-12-09,2010
"232","Chai","04-Jan-14",3,0,3,3,2014-01-04,2014
"233","Chai","04-Sep-16",3,0,3,3,2016-09-04,2016
"234","Chai","07-Jul-14",3,0,3,3,2014-07-07,2014
"235","Chai","08-Feb-15",3,0,3,3,2015-02-08,2015
"236","Chai","09-Jul-15",3,0,3,3,2015-07-09,2015
"237","Chai","09-May-16",3,0,3,3,2016-05-09,2016
"238","Chai","11-Aug-10",0,3,0,0,2010-08-11,2010
"239","Chai","11-Aug-16",2,0,2,2,2016-08-11,2016
"240","Chai","11-Dec-10",0,3,0,0,2010-12-11,2010
"241","Chai","11-Feb-11",0,3,0,0,2011-02-11,2011
"242","Chai","11-Jan-12",0,3,0,0,2012-01-11,2012
"243","Chai","11-Jan-15",3,0,3,3,2015-01-11,2015
"244","Chai","11-Sep-08",0,3,0,0,2008-09-11,2008
"245","Chai","11-Sep-14",3,0,3,3,2014-09-11,2014
"246","Chai","12-Dec-14",3,0,3,3,2014-12-12,2014
"247","Chai","12-Jun-08",0,1,0,0,2008-06-12,2008
"248","Chai","12-Jun-14",3,0,3,3,2014-06-12,2014
"249","Chai","13-Nov-10",0,3,0,0,2010-11-13,2010
"250","Chai","13-Nov-16",3,0,3,3,2016-11-13,2016
"251","Chai","13-Oct-10",0,3,0,0,2010-10-13,2010
"252","Chai","13-Oct-16",3,0,3,3,2016-10-13,2016
"253","Chai","14-Jan-11",0,3,0,0,2011-01-14,2011
"254","Chai","14-Jun-09",0,3,0,0,2009-06-14,2009
"255","Chai","14-Jun-15",3,0,3,3,2015-06-14,2015
"256","Chai","15-Feb-08",0,3,0,0,2008-02-15,2008
"257","Chai","15-Feb-14",3,0,3,3,2014-02-15,2014
"258","Chai","15-Jul-10",0,3,0,0,2010-07-15,2010
"259","Chai","15-Jul-16",3,0,3,3,2016-07-15,2016
"260","Chai","15-Nov-08",0,3,0,0,2008-11-15,2008
"261","Chai","15-Nov-14",3,0,3,3,2014-11-15,2014
"262","Chai","16-Apr-10",0,3,0,0,2010-04-16,2010
"263","Chai","16-Apr-16",3,0,3,3,2016-04-16,2016
"264","Chai","16-Nov-09",0,3,0,0,2009-11-16,2009
"265","Chai","17-Apr-98",0,3,0,0,1998-04-17,1998
"266","Chai","17-Jan-10",0,3,0,0,2010-01-17,2010
"267","Chai","17-Jan-16",3,0,3,3,2016-01-17,2016
"268","Chai","17-Jul-11",0,3,0,0,2011-07-17,2011
"269","Chai","17-Jun-10",0,3,0,0,2010-06-17,2010
"270","Chai","17-Jun-16",3,0,3,3,2016-06-17,2016
"271","Chai","17-Mar-14",3,0,3,3,2014-03-17,2014
"272","Chai","17-Oct-08",0,3,0,0,2008-10-17,2008
"273","Chai","17-Oct-11",0,3,0,0,2011-10-17,2011
"274","Chai","17-Oct-14",3,0,3,3,2014-10-17,2014
"275","Chai","18-Apr-09",0,3,0,0,2009-04-18,2009
"276","Chai","18-Apr-15",3,0,3,3,2015-04-18,2015
"277","Chai","18-Dec-98",0,3,0,0,1998-12-18,1998
"278","Chai","18-Jan-08",0,3,0,0,2008-01-18,2008
"279","Chai","18-Jan-14",3,0,3,3,2014-01-18,2014
"280","Chai","18-Jun-11",0,3,0,0,2011-06-18,2011
"281","Chai","18-Mar-10",0,3,0,0,2010-03-18,2010
"282","Chai","18-Mar-16",3,0,3,3,2016-03-18,2016
"283","Chai","19-Mar-98",0,3,0,0,1998-03-19,1998
"284","Chai","19-Oct-09",0,3,0,0,2009-10-19,2009
"285","Chai","19-Oct-15",3,0,3,3,2015-10-19,2015
"286","Chai","20-Feb-10",0,3,0,0,2010-02-20,2010
"287","Chai","20-Feb-16",3,0,3,3,2016-02-20,2016
"288","Chai","20-Feb-98",0,3,0,0,1998-02-20,1998
"289","Chai","20-Mar-15",3,0,3,3,2015-03-20,2015
"290","Chai","20-May-98",0,3,0,0,1998-05-20,1998
"291","Chai","21-Mar-04",0,1,0,0,2004-03-21,2004
"292","Chai","21-May-09",0,3,0,0,2009-05-21,2009
"293","Chai","21-May-15",3,0,3,3,2015-05-21,2015
"294","Chai","22-May-11",0,3,0,0,2011-05-22,2011
"295","Chai","22-Sep-09",0,3,0,0,2009-09-22,2009
"296","Chai","23-Aug-09",0,3,0,0,2009-08-23,2009
"297","Chai","23-Aug-14",3,0,3,3,2014-08-23,2014
"298","Chai","23-Aug-15",3,0,3,3,2015-08-23,2015
"299","Chai","23-Aug-98",0,3,0,0,1998-08-23,1998
"300","Chai","23-Jul-98",0,3,0,0,1998-07-23,1998
"301","Chai","24-Feb-14",3,0,3,3,2014-02-24,2014
"302","Chai","26-Nov-98",0,3,0,0,1998-11-26,1998
"303","Chai","27-Sep-98",0,3,0,0,1998-09-27,1998
"304","Chai","28-Apr-08",0,3,0,0,2008-04-28,2008
"305","Chai","28-Apr-14",3,0,3,3,2014-04-28,2014
"306","Chai","28-Jun-98",0,3,0,0,1998-06-28,1998
"307","Chai","28-Sep-11",0,3,0,0,2011-09-28,2011
"308","Chai","29-Mar-14",3,0,3,3,2014-03-29,2014
"309","Chai","3-Aug-11",0,3,0,0,2011-08-03,2011
"310","Chai","30-Oct-98",0,3,0,0,1998-10-30,1998
"311","Chai","31-Jan-98",0,3,0,0,1998-01-31,1998
"312","Chai","31-May-08",0,3,0,0,2008-05-31,2008
"313","Chai","31-May-14",3,0,3,3,2014-05-31,2014
"314","Chai","4-Oct-13",0,3,0,0,2013-10-04,2013
"315","Chai","4-Sep-10",0,3,0,0,2010-09-04,2010
"316","Chai","5-Dec-09",0,3,0,0,2009-12-05,2009
"317","Chai","5-Feb-12",0,3,0,0,2012-02-05,2012
"318","Chai","5-Sep-14",0,3,0,0,2014-09-05,2014
"319","Chai","6-Nov-14",0,3,0,0,2014-11-06,2014
"320","Chai","8-Apr-11",0,3,0,0,2011-04-08,2011
"321","Chai","8-Oct-14",0,3,0,0,2014-10-08,2014
"322","Chai","9-Jul-09",0,3,0,0,2009-07-09,2009
"323","Chai","9-Mar-11",0,3,0,0,2011-03-09,2011
"324","Chai","9-May-10",0,3,0,0,2010-05-09,2010
"325","Decha","10-Dec-14",0,1,0,0,2014-12-10,2014
"326","Decha","14-Feb-15",0,1,0,0,2015-02-14,2015
"327","Decha","15-Apr-11",0,1,0,0,2011-04-15,2011
"328","Decha","16-Aug-14",0,1,0,0,2014-08-16,2014
"329","Decha","17-Feb-09",0,1,0,0,2009-02-17,2009
"330","Decha","17-Jul-14",0,1,0,0,2014-07-17,2014
"331","Decha","17-Jul-16",0,1,0,0,2016-07-17,2016
"332","Decha","17-Jun-11",0,1,0,0,2011-06-17,2011
"333","Decha","17-Mar-09",0,1,0,0,2009-03-17,2009
"334","Decha","17-Sep-16",0,1,0,0,2016-09-17,2016
"335","Decha","18-Oct-14",0,1,0,0,2014-10-18,2014
"336","Decha","19-May-16",0,1,0,0,2016-05-19,2016
"337","Decha","19-Sep-15",0,1,0,0,2015-09-19,2015
"338","Decha","20-Aug-15",0,1,0,0,2015-08-20,2015
"339","Decha","20-May-11",0,1,0,0,2011-05-20,2011
"340","Decha","20-Nov-14",0,1,0,0,2014-11-20,2014
"341","Decha","20-Sep-14",0,1,0,0,2014-09-20,2014
"342","Decha","21-Jan-09",0,1,0,0,2009-01-21,2009
"343","Decha","21-Jun-14",0,1,0,0,2014-06-21,2014
"344","Decha","21-Mar-15",0,1,0,0,2015-03-21,2015
"345","Decha","22-May-15",0,1,0,0,2015-05-22,2015
"346","Kannika","02-Mar-14",3,0,3,3,2014-03-02,2014
"347","Kannika","02-Sep-16",3,0,3,3,2016-09-02,2016
"348","Kannika","07-Feb-16",3,0,3,3,2016-02-07,2016
"349","Kannika","07-Nov-14",3,0,3,3,2014-11-07,2014
"350","Kannika","07-Sep-14",3,0,3,3,2014-09-07,2014
"351","Kannika","08-Apr-16",3,0,3,3,2016-04-08,2016
"352","Kannika","08-Aug-14",3,0,3,3,2014-08-08,2014
"353","Kannika","08-Aug-15",3,0,3,3,2015-08-08,2015
"354","Kannika","08-May-15",3,0,3,3,2015-05-08,2015
"355","Kannika","09-Jan-15",3,0,3,3,2015-01-09,2015
"356","Kannika","09-May-14",3,0,3,3,2014-05-09,2014
"357","Kannika","09-Nov-16",3,0,3,3,2016-11-09,2016
"358","Kannika","09-Sep-15",3,0,3,3,2015-09-09,2015
"359","Kannika","1-Apr-16",0,3,0,0,2016-04-01,2016
"360","Kannika","1-Jul-16",0,3,0,0,2016-07-01,2016
"361","Kannika","10-Feb-11",0,3,0,0,2011-02-10,2011
"362","Kannika","10-Jan-08",0,3,0,0,2008-01-10,2008
"363","Kannika","10-Jan-10",0,3,0,0,2010-01-10,2010
"364","Kannika","10-Jan-14",3,0,3,3,2014-01-10,2014
"365","Kannika","10-Jan-16",3,0,3,3,2016-01-10,2016
"366","Kannika","10-Oct-09",0,3,0,0,2009-10-10,2009
"367","Kannika","11-Dec-10",0,3,0,0,2010-12-11,2010
"368","Kannika","11-Dec-14",0,3,0,0,2014-12-11,2014
"369","Kannika","11-Feb-12",0,3,0,0,2012-02-11,2012
"370","Kannika","11-Feb-16",0,3,0,0,2016-02-11,2016
"371","Kannika","11-Jan-14",0,3,0,0,2014-01-11,2014
"372","Kannika","11-Jul-09",0,3,0,0,2009-07-11,2009
"373","Kannika","11-Jul-15",3,0,3,3,2015-07-11,2015
"374","Kannika","11-Mar-11",0,3,0,0,2011-03-11,2011
"375","Kannika","11-Mar-16",0,3,0,0,2016-03-11,2016
"376","Kannika","11-Nov-11",0,3,0,0,2011-11-11,2011
"377","Kannika","11-Nov-16",0,3,0,0,2016-11-11,2016
"378","Kannika","11-Sep-14",0,3,0,0,2014-09-11,2014
"379","Kannika","12-Dec-08",0,3,0,0,2008-12-12,2008
"380","Kannika","12-Dec-14",3,0,3,3,2014-12-12,2014
"381","Kannika","12-Feb-11",0,3,0,0,2011-02-12,2011
"382","Kannika","12-Feb-15",0,3,0,0,2015-02-12,2015
"383","Kannika","12-Jul-14",3,0,3,3,2014-07-12,2014
"384","Kannika","12-Jun-09",0,3,0,0,2009-06-12,2009
"385","Kannika","12-Jun-14",0,3,0,0,2014-06-12,2014
"386","Kannika","12-Jun-15",3,0,3,3,2015-06-12,2015
"387","Kannika","12-Mar-10",0,3,0,0,2010-03-12,2010
"388","Kannika","12-Mar-15",0,3,0,0,2015-03-12,2015
"389","Kannika","12-Mar-16",3,0,3,3,2016-03-12,2016
"390","Kannika","12-May-11",0,3,0,0,2011-05-12,2011
"391","Kannika","12-Oct-08",0,3,0,0,2008-10-12,2008
"392","Kannika","12-Oct-14",3,0,3,3,2014-10-12,2014
"393","Kannika","13-Feb-15",3,0,3,3,2015-02-13,2015
"394","Kannika","13-Mar-15",3,0,3,3,2015-03-13,2015
"395","Kannika","13-May-16",0,3,0,0,2016-05-13,2016
"396","Kannika","13-Nov-09",0,3,0,0,2009-11-13,2009
"397","Kannika","14-Apr-08",0,3,0,0,2008-04-14,2008
"398","Kannika","14-Apr-14",3,0,3,3,2014-04-14,2014
"399","Kannika","14-Aug-10",0,3,0,0,2010-08-14,2010
"400","Kannika","14-Aug-16",3,0,3,3,2016-08-14,2016
"401","Kannika","14-Jan-12",0,3,0,0,2012-01-14,2012
"402","Kannika","14-Jul-11",0,3,0,0,2011-07-14,2011
"403","Kannika","14-May-10",0,3,0,0,2010-05-14,2010
"404","Kannika","14-May-16",3,0,3,3,2016-05-14,2016
"405","Kannika","15-Jan-11",0,3,0,0,2011-01-15,2011
"406","Kannika","15-Jun-08",0,1,0,0,2008-06-15,2008
"407","Kannika","15-Jun-14",2,0,2,2,2014-06-15,2014
"408","Kannika","15-Oct-10",0,3,0,0,2010-10-15,2010
"409","Kannika","15-Oct-16",3,0,3,3,2016-10-15,2016
"410","Kannika","16-Sep-16",0,3,0,0,2016-09-16,2016
"411","Kannika","17-Apr-09",0,3,0,0,2009-04-17,2009
"412","Kannika","17-Apr-15",3,0,3,3,2015-04-17,2015
"413","Kannika","17-Dec-98",0,3,0,0,1998-12-17,1998
"414","Kannika","18-Apr-98",0,3,0,0,1998-04-18,1998
"415","Kannika","18-Jul-10",0,3,0,0,2010-07-18,2010
"416","Kannika","18-Jul-16",3,0,3,3,2016-07-18,2016
"417","Kannika","18-Jun-11",0,3,0,0,2011-06-18,2011
"418","Kannika","19-Jun-10",0,3,0,0,2010-06-19,2010
"419","Kannika","19-Jun-16",3,0,3,3,2016-06-19,2016
"420","Kannika","2-Apr-15",0,3,0,0,2015-04-02,2015
"421","Kannika","2-Dec-16",0,3,0,0,2016-12-02,2016
"422","Kannika","2-Oct-16",0,3,0,0,2016-10-02,2016
"423","Kannika","2-Sep-10",0,3,0,0,2010-09-02,2010
"424","Kannika","20-Nov-98",0,3,0,0,1998-11-20,1998
"425","Kannika","20-Sep-98",0,3,0,0,1998-09-20,1998
"426","Kannika","21-Mar-98",0,3,0,0,1998-03-21,1998
"427","Kannika","23-Oct-98",0,3,0,0,1998-10-23,1998
"428","Kannika","24-Feb-98",0,3,0,0,1998-02-24,1998
"429","Kannika","25-Aug-98",0,3,0,0,1998-08-25,1998
"430","Kannika","26-Jan-98",0,3,0,0,1998-01-26,1998
"431","Kannika","26-Jul-98",0,3,0,0,1998-07-26,1998
"432","Kannika","26-May-98",0,3,0,0,1998-05-26,1998
"433","Kannika","29-Jun-98",0,3,0,0,1998-06-29,1998
"434","Kannika","3-Jun-16",0,3,0,0,2016-06-03,2016
"435","Kannika","5-Dec-09",0,3,0,0,2009-12-05,2009
"436","Kannika","6-Apr-11",0,3,0,0,2011-04-06,2011
"437","Kannika","6-Aug-11",0,3,0,0,2011-08-06,2011
"438","Kannika","6-Nov-14",0,3,0,0,2014-11-06,2014
"439","Kannika","6-Sep-14",0,3,0,0,2014-09-06,2014
"440","Kannika","7-Aug-16",0,3,0,0,2016-08-07,2016
"441","Kannika","7-Feb-10",0,3,0,0,2010-02-07,2010
"442","Kannika","7-Nov-08",0,3,0,0,2008-11-07,2008
"443","Kannika","7-Sep-08",0,3,0,0,2008-09-07,2008
"444","Kannika","8-Apr-10",0,3,0,0,2010-04-08,2010
"445","Kannika","8-Aug-09",0,3,0,0,2009-08-08,2009
"446","Kannika","8-Jan-15",0,3,0,0,2015-01-08,2015
"447","Kannika","8-Jun-12",0,3,0,0,2012-06-08,2012
"448","Kannika","8-May-09",0,3,0,0,2009-05-08,2009
"449","Kannika","9-Dec-11",0,3,0,0,2011-12-09,2011
"450","Kannika","9-Jan-16",0,3,0,0,2016-01-09,2016
"451","Kannika","9-Nov-10",0,3,0,0,2010-11-09,2010
"452","Kannika","9-Oct-14",0,3,0,0,2014-10-09,2014
"453","Kannika","9-Sep-09",0,3,0,0,2009-09-09,2009
"454","Kannika","9-Sep-11",0,3,0,0,2011-09-09,2011
"455","Kohsoom","1-Oct-98",0,1,0,0,1998-10-01,1998
"456","Kohsoom","12-Dec-13",0,1,0,0,2013-12-12,2013
"457","Kohsoom","13-Dec-98",0,1,0,0,1998-12-13,1998
"458","Kohsoom","13-Jul-11",0,1,0,0,2011-07-13,2011
"459","Kohsoom","14-Nov-98",0,1,0,0,1998-11-14,1998
"460","Kohsoom","15-Dec-10",0,1,0,0,2010-12-15,2010
"461","Kohsoom","15-Dec-12",0,1,0,0,2012-12-15,2012
"462","Kohsoom","15-Dec-16",1,0,1,1,2016-12-15,2016
"463","Kohsoom","15-Mar-13",0,1,0,0,2013-03-15,2013
"464","Kohsoom","16-Apr-98",0,1,0,0,1998-04-16,1998
"465","Kohsoom","17-Dec-14",0,1,0,0,2014-12-17,2014
"466","Kohsoom","18-Feb-10",0,1,0,0,2010-02-18,2010
"467","Kohsoom","18-Feb-16",1,0,1,1,2016-02-18,2016
"468","Kohsoom","18-May-11",0,1,0,0,2011-05-18,2011
"469","Kohsoom","19-Apr-13",0,1,0,0,2013-04-19,2013
"470","Kohsoom","19-Dec-14",1,0,1,1,2014-12-19,2014
"471","Kohsoom","20-Aug-15",1,0,1,1,2015-08-20,2015
"472","Kohsoom","20-Oct-10",0,1,0,0,2010-10-20,2010
"473","Kohsoom","20-Oct-16",1,0,1,1,2016-10-20,2016
"474","Kohsoom","21-Apr-10",0,1,0,0,2010-04-21,2010
"475","Kohsoom","21-Apr-16",1,0,1,1,2016-04-21,2016
"476","Kohsoom","21-Jun-12",0,1,0,0,2012-06-21,2012
"477","Kohsoom","21-Nov-13",0,1,0,0,2013-11-21,2013
"478","Kohsoom","21-Sep-15",1,0,1,1,2015-09-21,2015
"479","Kohsoom","22-Aug-13",0,1,0,0,2013-08-22,2013
"480","Kohsoom","22-Aug-98",0,1,0,0,1998-08-22,1998
"481","Kohsoom","22-Feb-13",0,1,0,0,2013-02-22,2013
"482","Kohsoom","23-Apr-14",0,1,0,0,2014-04-23,2014
"483","Kohsoom","23-Aug-12",0,1,0,0,2012-08-23,2012
"484","Kohsoom","23-Feb-12",0,1,0,0,2012-02-23,2012
"485","Kohsoom","23-Feb-14",1,0,1,1,2014-02-23,2014
"486","Kohsoom","23-Jan-14",0,1,0,0,2014-01-23,2014
"487","Kohsoom","23-Jul-14",0,1,0,0,2014-07-23,2014
"488","Kohsoom","23-Jun-10",0,1,0,0,2010-06-23,2010
"489","Kohsoom","23-Jun-16",1,0,1,1,2016-06-23,2016
"490","Kohsoom","23-Mar-14",1,0,1,1,2014-03-23,2014
"491","Kohsoom","23-May-13",0,1,0,0,2013-05-23,2013
"492","Kohsoom","24-Apr-15",1,0,1,1,2015-04-24,2015
"493","Kohsoom","24-Mar-10",0,1,0,0,2010-03-24,2010
"494","Kohsoom","24-Mar-16",1,0,1,1,2016-03-24,2016
"495","Kohsoom","24-Nov-10",0,1,0,0,2010-11-24,2010
"496","Kohsoom","24-Nov-12",0,1,0,0,2012-11-24,2012
"497","Kohsoom","24-Nov-16",1,0,1,1,2016-11-24,2016
"498","Kohsoom","24-Oct-13",0,1,0,0,2013-10-24,2013
"499","Kohsoom","24-Sep-14",0,1,0,0,2014-09-24,2014
"500","Kohsoom","25-Feb-11",0,1,0,0,2011-02-25,2011
"501","Kohsoom","25-Jan-12",0,1,0,0,2012-01-25,2012
"502","Kohsoom","25-Jan-13",0,1,0,0,2013-01-25,2013
"503","Kohsoom","25-Jul-13",0,1,0,0,2013-07-25,2013
"504","Kohsoom","25-Jun-14",0,1,0,0,2014-06-25,2014
"505","Kohsoom","25-Jun-15",1,0,1,1,2015-06-25,2015
"506","Kohsoom","25-May-12",0,1,0,0,2012-05-25,2012
"507","Kohsoom","25-Oct-12",0,1,0,0,2012-10-25,2012
"508","Kohsoom","26-Aug-10",0,1,0,0,2010-08-26,2010
"509","Kohsoom","26-Aug-16",1,0,1,1,2016-08-26,2016
"510","Kohsoom","26-Feb-15",1,0,1,1,2015-02-26,2015
"511","Kohsoom","26-Jan-11",0,1,0,0,2011-01-26,2011
"512","Kohsoom","26-Jan-14",1,0,1,1,2014-01-26,2014
"513","Kohsoom","26-Jul-12",0,1,0,0,2012-07-26,2012
"514","Kohsoom","26-Mar-14",0,1,0,0,2014-03-26,2014
"515","Kohsoom","26-May-10",0,1,0,0,2010-05-26,2010
"516","Kohsoom","26-May-14",1,0,1,1,2014-05-26,2014
"517","Kohsoom","26-Nov-14",0,1,0,0,2014-11-26,2014
"518","Kohsoom","26-Nov-15",1,0,1,1,2015-11-26,2015
"519","Kohsoom","26-Oct-11",0,1,0,0,2011-10-26,2011
"520","Kohsoom","26-Oct-14",1,0,1,1,2014-10-26,2014
"521","Kohsoom","26-Sep-13",0,1,0,0,2013-09-26,2013
"522","Kohsoom","27-Apr-11",0,1,0,0,2011-04-27,2011
"523","Kohsoom","27-Apr-12",0,1,0,0,2012-04-27,2012
"524","Kohsoom","27-Aug-14",0,1,0,0,2014-08-27,2014
"525","Kohsoom","27-Jul-08",0,1,0,0,2008-07-27,2008
"526","Kohsoom","27-Jul-14",1,0,1,1,2014-07-27,2014
"527","Kohsoom","27-Jun-13",0,1,0,0,2013-06-27,2013
"528","Kohsoom","27-Jun-98",0,1,0,0,1998-06-27,1998
"529","Kohsoom","27-Nov-14",1,0,1,1,2014-11-27,2014
"530","Kohsoom","28-Feb-14",0,1,0,0,2014-02-28,2014
"531","Kohsoom","28-Jan-10",0,1,0,0,2010-01-28,2010
"532","Kohsoom","28-Jan-16",1,0,1,1,2016-01-28,2016
"533","Kohsoom","28-Jul-10",0,1,0,0,2010-07-28,2010
"534","Kohsoom","28-Jul-16",1,0,1,1,2016-07-28,2016
"535","Kohsoom","28-Mar-04",0,1,0,0,2004-03-28,2004
"536","Kohsoom","28-May-14",0,1,0,0,2014-05-28,2014
"537","Kohsoom","28-May-15",1,0,1,1,2015-05-28,2015
"538","Kohsoom","28-Sep-11",0,1,0,0,2011-09-28,2011
"539","Kohsoom","28-Sep-14",1,0,1,1,2014-09-28,2014
"540","Kohsoom","29-Jan-15",1,0,1,1,2015-01-29,2015
"541","Kohsoom","29-Mar-12",0,1,0,0,2012-03-29,2012
"542","Kohsoom","29-Mar-15",1,0,1,1,2015-03-29,2015
"543","Kohsoom","29-Oct-14",0,1,0,0,2014-10-29,2014
"544","Kohsoom","29-Oct-15",1,0,1,1,2015-10-29,2015
"545","Kohsoom","29-Sep-10",0,1,0,0,2010-09-29,2010
"546","Kohsoom","29-Sep-16",1,0,1,1,2016-09-29,2016
"547","Kohsoom","30-Jul-15",1,0,1,1,2015-07-30,2015
"548","Kohsoom","30-Jun-11",0,1,0,0,2011-06-30,2011
"549","Kohsoom","30-Mar-11",0,1,0,0,2011-03-30,2011
"550","Kohsoom","31-Aug-11",0,1,0,0,2011-08-31,2011
"551","Kohsoom","31-Aug-14",1,0,1,1,2014-08-31,2014
"552","Sakda","02-Sep-16",3,0,3,3,2016-09-02,2016
"553","Sakda","06-Sep-14",3,0,3,3,2014-09-06,2014
"554","Sakda","07-Feb-16",3,0,3,3,2016-02-07,2016
"555","Sakda","07-Nov-14",3,0,3,3,2014-11-07,2014
"556","Sakda","07-Sep-15",3,0,3,3,2015-09-07,2015
"557","Sakda","08-Apr-16",3,0,3,3,2016-04-08,2016
"558","Sakda","08-Aug-14",3,0,3,3,2014-08-08,2014
"559","Sakda","08-Aug-15",3,0,3,3,2015-08-08,2015
"560","Sakda","08-May-15",3,0,3,3,2015-05-08,2015
"561","Sakda","09-Jan-15",3,0,3,3,2015-01-09,2015
"562","Sakda","09-May-14",3,0,3,3,2014-05-09,2014
"563","Sakda","1-Apr-16",0,3,0,0,2016-04-01,2016
"564","Sakda","1-Oct-16",0,3,0,0,2016-10-01,2016
"565","Sakda","10-Dec-98",0,3,0,0,1998-12-10,1998
"566","Sakda","10-Feb-11",0,3,0,0,2011-02-10,2011
"567","Sakda","10-Jan-10",0,3,0,0,2010-01-10,2010
"568","Sakda","10-Jan-16",3,0,3,3,2016-01-10,2016
"569","Sakda","10-Mar-11",0,3,0,0,2011-03-10,2011
"570","Sakda","10-Nov-10",0,3,0,0,2010-11-10,2010
"571","Sakda","10-Nov-16",3,0,3,3,2016-11-10,2016
"572","Sakda","11-Apr-08",0,3,0,0,2008-04-11,2008
"573","Sakda","11-Apr-14",3,0,3,3,2014-04-11,2014
"574","Sakda","11-Dec-10",0,3,0,0,2010-12-11,2010
"575","Sakda","11-Dec-14",0,3,0,0,2014-12-11,2014
"576","Sakda","11-Feb-12",0,3,0,0,2012-02-11,2012
"577","Sakda","11-Feb-16",0,3,0,0,2016-02-11,2016
"578","Sakda","11-Jul-14",3,0,3,3,2014-07-11,2014
"579","Sakda","11-Jul-15",3,0,3,3,2015-07-11,2015
"580","Sakda","11-Jun-16",0,3,0,0,2016-06-11,2016
"581","Sakda","11-Mar-16",0,3,0,0,2016-03-11,2016
"582","Sakda","11-Nov-11",0,3,0,0,2011-11-11,2011
"583","Sakda","12-Dec-08",0,3,0,0,2008-12-12,2008
"584","Sakda","12-Dec-14",3,0,3,3,2014-12-12,2014
"585","Sakda","12-Feb-15",0,3,0,0,2015-02-12,2015
"586","Sakda","12-Jan-08",0,3,0,0,2008-01-12,2008
"587","Sakda","12-Jan-14",3,0,3,3,2014-01-12,2014
"588","Sakda","12-Jun-09",0,3,0,0,2009-06-12,2009
"589","Sakda","12-Jun-15",3,0,3,3,2015-06-12,2015
"590","Sakda","12-Mar-10",0,3,0,0,2010-03-12,2010
"591","Sakda","12-Mar-15",0,3,0,0,2015-03-12,2015
"592","Sakda","12-Mar-16",3,0,3,3,2016-03-12,2016
"593","Sakda","12-May-11",0,3,0,0,2011-05-12,2011
"594","Sakda","12-Oct-08",0,3,0,0,2008-10-12,2008
"595","Sakda","12-Oct-14",3,0,3,3,2014-10-12,2014
"596","Sakda","12-Sep-14",0,3,0,0,2014-09-12,2014
"597","Sakda","13-Feb-15",3,0,3,3,2015-02-13,2015
"598","Sakda","13-Jan-11",0,3,0,0,2011-01-13,2011
"599","Sakda","13-Jun-08",0,1,0,0,2008-06-13,2008
"600","Sakda","13-Jun-14",3,0,3,3,2014-06-13,2014
"601","Sakda","13-Mar-15",3,0,3,3,2015-03-13,2015
"602","Sakda","13-May-16",0,3,0,0,2016-05-13,2016
"603","Sakda","13-Nov-09",0,3,0,0,2009-11-13,2009
"604","Sakda","14-Aug-10",0,3,0,0,2010-08-14,2010
"605","Sakda","14-Aug-16",3,0,3,3,2016-08-14,2016
"606","Sakda","14-Jan-12",0,3,0,0,2012-01-14,2012
"607","Sakda","14-Mar-14",3,0,3,3,2014-03-14,2014
"608","Sakda","14-May-10",0,3,0,0,2010-05-14,2010
"609","Sakda","14-May-16",3,0,3,3,2016-05-14,2016
"610","Sakda","15-Oct-10",0,3,0,0,2010-10-15,2010
"611","Sakda","15-Oct-14",0,3,0,0,2014-10-15,2014
"612","Sakda","15-Oct-16",3,0,3,3,2016-10-15,2016
"613","Sakda","17-Apr-09",0,3,0,0,2009-04-17,2009
"614","Sakda","17-Apr-15",3,0,3,3,2015-04-17,2015
"615","Sakda","18-Apr-98",0,1,0,0,1998-04-18,1998
"616","Sakda","18-Jul-10",0,3,0,0,2010-07-18,2010
"617","Sakda","18-Jul-16",3,0,3,3,2016-07-18,2016
"618","Sakda","18-Jun-11",0,3,0,0,2011-06-18,2011
"619","Sakda","19-Aug-16",0,3,0,0,2016-08-19,2016
"620","Sakda","19-Jun-10",0,3,0,0,2010-06-19,2010
"621","Sakda","19-Jun-16",3,0,3,3,2016-06-19,2016
"622","Sakda","19-Mar-04",0,1,0,0,2004-03-19,2004
"623","Sakda","2-Apr-15",0,3,0,0,2015-04-02,2015
"624","Sakda","2-Dec-16",0,3,0,0,2016-12-02,2016
"625","Sakda","2-Sep-10",0,3,0,0,2010-09-02,2010
"626","Sakda","20-Nov-98",0,3,0,0,1998-11-20,1998
"627","Sakda","22-Aug-14",0,3,0,0,2014-08-22,2014
"628","Sakda","23-Feb-08",0,3,0,0,2008-02-23,2008
"629","Sakda","24-Oct-98",0,3,0,0,1998-10-24,1998
"630","Sakda","26-Aug-98",0,1,0,0,1998-08-26,1998
"631","Sakda","3-Sep-16",0,3,0,0,2016-09-03,2016
"632","Sakda","30-Jun-98",0,1,0,0,1998-06-30,1998
"633","Sakda","4-Nov-16",0,3,0,0,2016-11-04,2016
"634","Sakda","5-Dec-09",0,3,0,0,2009-12-05,2009
"635","Sakda","6-Aug-11",0,3,0,0,2011-08-06,2011
"636","Sakda","6-Nov-14",0,3,0,0,2014-11-06,2014
"637","Sakda","6-Sep-08",0,3,0,0,2008-09-06,2008
"638","Sakda","6-Sep-14",0,3,0,0,2014-09-06,2014
"639","Sakda","7-Apr-11",0,3,0,0,2011-04-07,2011
"640","Sakda","7-Feb-10",0,3,0,0,2010-02-07,2010
"641","Sakda","7-Nov-08",0,3,0,0,2008-11-07,2008
"642","Sakda","7-Sep-09",0,3,0,0,2009-09-07,2009
"643","Sakda","8-Apr-10",0,3,0,0,2010-04-08,2010
"644","Sakda","8-Aug-09",0,3,0,0,2009-08-08,2009
"645","Sakda","8-Jan-15",0,3,0,0,2015-01-08,2015
"646","Sakda","8-Jul-11",0,3,0,0,2011-07-08,2011
"647","Sakda","8-Jul-16",0,3,0,0,2016-07-08,2016
"648","Sakda","8-May-09",0,3,0,0,2009-05-08,2009
"649","Sakda","8-Oct-09",0,3,0,0,2009-10-08,2009
"650","Sakda","9-Dec-11",0,3,0,0,2011-12-09,2011
"651","Sakda","9-Jan-16",0,3,0,0,2016-01-09,2016
"652","Sakda","9-Sep-11",0,3,0,0,2011-09-09,2011
"653","Somchair","03-Feb-14",1,0,1,1,2014-02-03,2014
"654","Somchair","03-May-14",1,0,1,1,2014-05-03,2014
"655","Somchair","09-Dec-16",1,0,1,1,2016-12-09,2016
"656","Somchair","10-Oct-14",0,1,0,0,2014-10-10,2014
"657","Somchair","11-Aug-14",1,0,1,1,2014-08-11,2014
"658","Somchair","12-Jul-14",1,1,1,1,2014-07-12,2014
"659","Somchair","13-Apr-11",0,1,0,0,2011-04-13,2011
"660","Somchair","13-Jun-10",0,1,0,0,2010-06-13,2010
"661","Somchair","13-Jun-16",1,0,1,1,2016-06-13,2016
"662","Somchair","14-Feb-10",0,1,0,0,2010-02-14,2010
"663","Somchair","14-Feb-15",1,0,1,1,2015-02-14,2015
"664","Somchair","14-Feb-16",1,0,1,1,2016-02-14,2016
"665","Somchair","14-Nov-09",0,1,0,0,2009-11-14,2009
"666","Somchair","15-Dec-08",0,1,0,0,2008-12-15,2008
"667","Somchair","15-Dec-14",1,0,1,1,2014-12-15,2014
"668","Somchair","16-Nov-11",0,1,0,0,2011-11-16,2011
"669","Somchair","17-Apr-98",0,1,0,0,1998-04-17,1998
"670","Somchair","17-Nov-08",0,1,0,0,2008-11-17,2008
"671","Somchair","17-Nov-14",1,0,1,1,2014-11-17,2014
"672","Somchair","18-Apr-10",0,1,0,0,2010-04-18,2010
"673","Somchair","18-Apr-16",1,0,1,1,2016-04-18,2016
"674","Somchair","18-Feb-12",0,1,0,0,2012-02-18,2012
"675","Somchair","19-Dec-09",0,1,0,0,2009-12-19,2009
"676","Somchair","19-Dec-98",0,1,0,0,1998-12-19,1998
"677","Somchair","19-Oct-08",0,1,0,0,2008-10-19,2008
"678","Somchair","19-Oct-14",1,0,1,1,2014-10-19,2014
"679","Somchair","2-Nov-14",0,1,0,0,2014-11-02,2014
"680","Somchair","20-Mar-10",0,1,0,0,2010-03-20,2010
"681","Somchair","20-Mar-16",1,0,1,1,2016-03-20,2016
"682","Somchair","21-Sep-08",0,1,0,0,2008-09-21,2008
"683","Somchair","21-Sep-14",1,0,1,1,2014-09-21,2014
"684","Somchair","22-Jul-10",0,1,0,0,2010-07-22,2010
"685","Somchair","22-Jul-16",1,0,1,1,2016-07-22,2016
"686","Somchair","22-May-10",0,1,0,0,2010-05-22,2010
"687","Somchair","22-May-16",1,0,1,1,2016-05-22,2016
"688","Somchair","23-Sep-11",0,1,0,0,2011-09-23,2011
"689","Somchair","24-Aug-98",0,1,0,0,1998-08-24,1998
"690","Somchair","24-Jan-10",0,1,0,0,2010-01-24,2010
"691","Somchair","24-Jan-15",1,0,1,1,2015-01-24,2015
"692","Somchair","24-Jan-16",1,0,1,1,2016-01-24,2016
"693","Somchair","24-Sep-09",0,1,0,0,2009-09-24,2009
"694","Somchair","24-Sep-15",1,0,1,1,2015-09-24,2015
"695","Somchair","25-Apr-09",0,1,0,0,2009-04-25,2009
"696","Somchair","25-Apr-15",1,0,1,1,2015-04-25,2015
"697","Somchair","25-May-09",0,1,0,0,2009-05-25,2009
"698","Somchair","25-May-15",1,0,1,1,2015-05-25,2015
"699","Somchair","26-Feb-11",0,1,0,0,2011-02-26,2011
"700","Somchair","26-Jul-09",0,1,0,0,2009-07-26,2009
"701","Somchair","26-Jun-08",0,1,0,0,2008-06-26,2008
"702","Somchair","26-Jun-14",1,0,1,1,2014-06-26,2014
"703","Somchair","26-Mar-11",0,1,0,0,2011-03-26,2011
"704","Somchair","27-Mar-15",1,0,1,1,2015-03-27,2015
"705","Somchair","27-May-11",0,1,0,0,2011-05-27,2011
"706","Somchair","27-Nov-10",0,1,0,0,2010-11-27,2010
"707","Somchair","27-Nov-16",1,0,1,1,2016-11-27,2016
"708","Somchair","28-Aug-09",0,1,0,0,2009-08-28,2009
"709","Somchair","28-Aug-10",0,1,0,0,2010-08-28,2010
"710","Somchair","28-Aug-11",0,1,0,0,2011-08-28,2011
"711","Somchair","28-Aug-15",1,0,1,1,2015-08-28,2015
"712","Somchair","28-Aug-16",1,0,1,1,2016-08-28,2016
"713","Somchair","28-Jun-09",0,1,0,0,2009-06-28,2009
"714","Somchair","28-Jun-15",1,0,1,1,2015-06-28,2015
"715","Somchair","28-Nov-98",0,1,0,0,1998-11-28,1998
"716","Somchair","29-Jun-11",0,1,0,0,2011-06-29,2011
"717","Somchair","29-Jun-98",0,1,0,0,1998-06-29,1998
"718","Somchair","29-Oct-10",0,1,0,0,2010-10-29,2010
"719","Somchair","29-Oct-16",1,0,1,1,2016-10-29,2016
"720","Somchair","3-Aug-11",0,1,0,0,2011-08-03,2011
"721","Somchair","3-Feb-08",0,1,0,0,2008-02-03,2008
"722","Somchair","3-May-08",0,1,0,0,2008-05-03,2008
"723","Somchair","3-Nov-11",0,1,0,0,2011-11-03,2011
"724","Somchair","3-Sep-14",0,1,0,0,2014-09-03,2014
"725","Somchair","30-Jan-11",0,1,0,0,2011-01-30,2011
"726","Somchair","30-May-14",1,0,1,1,2014-05-30,2014
"727","Somchair","30-Oct-09",0,1,0,0,2009-10-30,2009
"728","Somchair","30-Oct-15",1,0,1,1,2015-10-30,2015
"729","Somchair","30-Oct-98",0,1,0,0,1998-10-30,1998
"730","Somchair","30-Sep-10",0,1,0,0,2010-09-30,2010
"731","Somchair","30-Sep-16",1,0,1,1,2016-09-30,2016
"732","Somchair","4-Feb-12",0,1,0,0,2012-02-04,2012
"733","Somchair","5-Dec-08",0,1,0,0,2008-12-05,2008
"734","Somchair","6-Dec-14",0,1,0,0,2014-12-06,2014
"735","Somchair","8-Dec-11",0,1,0,0,2011-12-08,2011
"736","Somchair","9-Dec-10",0,1,0,0,2010-12-09,2010
"737","Tansanee","10-Jul-15",0,1,0,0,2015-07-10,2015
"738","Tansanee","13-Aug-15",0,1,0,0,2015-08-13,2015
"739","Tansanee","13-Jun-15",0,1,0,0,2015-06-13,2015
"740","Tansanee","14-May-15",0,1,0,0,2015-05-14,2015
"741","Tansanee","14-Nov-15",0,1,0,0,2015-11-14,2015
"742","Tansanee","22-Jan-15",0,1,0,0,2015-01-22,2015
"743","Tansanee","3-Apr-15",0,1,0,0,2015-04-03,2015
"744","Tansanee","4-Dec-15",0,1,0,0,2015-12-04,2015
"745","Tansanee","5-Feb-15",0,1,0,0,2015-02-05,2015
"746","Tansanee","5-Sep-15",0,1,0,0,2015-09-05,2015
"747","Tansanee","9-Apr-11",0,1,0,0,2011-04-09,2011
